{
  "dataset_size": 23196,
  "train_size": 14971,
  "val_size": 3208,
  "test_size": 3209,
  "network_nodes": 30894,
  "network_edges": 100749,
  "num_features": 27,
  "model_performance": {
    "accuracy": 0.7497662823309442,
    "precision": 0.375,
    "recall": 0.018915510718789406,
    "f1": 0.03601440576230492,
    "roc_auc": 0.6180183810327118
  }
}